"Symbol","Quantity","CostBasisPrice","FifoPnlUnrealized","OpenDateTime","ClientAccountID","MarkPrice","OpenPrice"
"ABT","4","85.940003","60.161299","20260508;100341","U***75819","100.98","85.940003"
"ABT","0.2","95.5056","1.094946","20260416;125846","U***75819","100.98","95.5056"
"ABT","3","94.805293333","18.525104","20260416;125846","U***75819","100.98","94.805293333"
"ABT","5","103.47","-12.448361","20260324;110816","U***75819","100.98","103.47"
"ACN","1","185.645","-11.173889","20260409;125757","U***75819","174.47","185.645"
"ACN","1","184.62","-10.148889","20260409;125757","U***75819","174.47","184.62"
"ACN","0.5","193.84","-9.684444","20260324;111213","U***75819","174.47","193.84"
"ACN","2","194.51","-40.077778","20260324;111202","U***75819","174.47","194.51"
"ADP","0.6","196.804366667","38.99738","20260409;154437","U***75819","261.8","196.804366667"
"ADP","1","195.16","66.64","20260409;154437","U***75819","261.8","195.16"
"ADP","2","206.615","110.37","20260324;111241","U***75819","261.8","206.615"
"ADP","0.5","206.17","27.815","20260324;111241","U***75819","261.8","206.17"
"AOS","6","56.536669667","11.059982","20260602;102903","U***75819","58.38","56.536669667"
"AOS","7","59.847860143","-10.275021","20260504;105253","U***75819","58.38","59.847860143"
"AOS","7","65.927257143","-52.8308","20260326;134833","U***75819","58.38","65.927257143"
"CL","7","82.232857143","30.01","20260421;131534","U***75819","86.52","82.232857143"
"CLX","0.5","92.425104","-5.502552","20260508;100413","U***75819","81.42","92.425104"
"CLX","3","91.720819667","-30.902459","20260508;100413","U***75819","81.42","91.720819667"
"CLX","0.5","99.591656","-9.085828","20260423;125431","U***75819","81.42","99.591656"
"CLX","3","98.763990667","-52.031972","20260423;125431","U***75819","81.42","98.763990667"
"CLX","5","105.0973","-118.3865","20260324;112047","U***75819","81.42","105.0973"
"CRM","2","168.7673","117.0054","20260409;125732","U***75819","227.27","168.7673"
"CRM","3","185.993333333","123.83","20260324;112559","U***75819","227.27","185.993333333"
"CUBE","12","36.278333333","13.34","20260325;145428","U***75819","37.39","36.278333333"
"DHI","4","136.69","10.92","20260326;154123","U***75819","139.42","136.69"
"DHR","2","178.46","97.74","20260423;125341","U***75819","227.33","178.46"
"DHR","3","188.353333333","116.93","20260326;154242","U***75819","227.33","188.353333333"
"EFX","3","172.963333333","-81.55","20260324;113048","U***75819","145.78","172.963333333"
"FDS","2","200.92","133.504","20260324;112706","U***75819","267.67","200.92"
"FDS","0.5","200.45","33.611","20260324;112706","U***75819","267.67","200.45"
"GILD","3","128.661636333","70.643216","20260602;112506","U***75819","152.21","128.661636333"
"GILD","0.2","128.330005","4.775874","20260602;112506","U***75819","152.21","128.330005"
"HD","1","310.600003","-20.708003","20260602;102728","U***75819","289.89","310.600003"
"HD","0.5","331.06","-20.584","20260324;110734","U***75819","289.89","331.06"
"HD","1","329.12","-39.228","20260324;110734","U***75819","289.89","329.12"
"HSY","3","183.643336333","-57.700009","20260602;112714","U***75819","164.41","183.643336333"
"IBM","0.5","229.0111","-4.170828","20260423;125407","U***75819","220.67","229.0111"
"IBM","1","230","-9.330556","20260423;125402","U***75819","220.67","230"
"IBM","2","242.57","-43.801111","20260407;111159","U***75819","220.67","242.57"
"IBM","0.1","242.07","-2.140056","20260407;111159","U***75819","220.67","242.07"
"JKHY","0.5","138.471002","4.674239","20260602;102927","U***75819","147.82","138.471002"
"JKHY","2","136.992253","21.654455","20260602;102927","U***75819","147.82","136.992253"
"JKHY","0.2","148.17","-0.070104","20260410;153949","U***75819","147.82","148.17"
"JKHY","2","148.67","-1.701039","20260410;153938","U***75819","147.82","148.67"
"JKHY","3","157.333333333","-28.541558","20260325;145107","U***75819","147.82","157.333333333"
"KMB","5","99.8688","-5.494","20260324;110837","U***75819","98.77","99.8688"
"KVUE","30","17.132633333","22.421","20260429;154122","U***75819","17.88","17.132633333"
"LEN","6","86.316666667","-25.72","20260401;101343","U***75819","82.03","86.316666667"
"LOW","2","205.750003","-36.179076","20260602;102700","U***75819","187.66","205.750003"
"LOW","0.3","234.3503","-14.00695","20260429;152557","U***75819","187.66","234.3503"
"LOW","2","232.180755","-89.04058","20260429;152557","U***75819","187.66","232.180755"
"MA","1","494.565","73.695","20260324;100606","U***75819","568.26","494.565"
"MAA","4","123.1","-19.04","20260324;112419","U***75819","118.34","123.1"
"MBGL","1","20.201192","-2.441192","20260324;112805","U***75819","17.76","20.201192"
"MDLZ","4","56.485","14.78","20260421;133956","U***75819","60.18","56.485"
"MDLZ","5","56.235","19.725","20260421;133956","U***75819","60.18","56.235"
"MDT","4","77.210003","49.159988","20260508;100432","U***75819","89.5","77.210003"
"MDT","2","83.265","12.47","20260421;131451","U***75819","89.5","83.265"
"MDT","2","82.765","13.47","20260421;131451","U***75819","89.5","82.765"
"MDT","6","88.066666667","8.6","20260409;155724","U***75819","89.5","88.066666667"
"MMM","3","146.010633333","70.4081","20260326;134626","U***75819","169.48","146.010633333"
"NKE","10","40.999503","-46.09503","20260811;133422","U***75819","36.39","40.999503"
"NKE","6","45.721666667","-55.99","20260401;101047","U***75819","36.39","45.721666667"
"NKE","1","45.555","-9.165","20260401;101047","U***75819","36.39","45.555"
"NKE","7","48.372857143","-83.88","20260331;175521","U***75819","36.39","48.372857143"
"NKE","10","53.495","-171.05","20260324;104805","U***75819","36.39","53.495"
"NVO","14","36.780428571","27.014","20260324;104626","U***75819","38.71","36.780428571"
"NXPI","0.7","193.788571429","29.770963","20260407;111045","U***75819","236.32","193.788571429"
"NXPI","2","192.785","87.067037","20260407;111003","U***75819","236.32","192.785"
"ORCL","2","140.58","-15.96","20260327;094944","U***75819","132.6","140.58"
"ORCL","0.2","140.08","-1.496","20260327;094944","U***75819","132.6","140.08"
"ORCL","3","149.978333333","-52.135","20260324;100002","U***75819","132.6","149.978333333"
"PAYX","4","85.9","53.6","20260410;154016","U***75819","99.3","85.9"
"PAYX","5","91.49","39.05","20260324;104702","U***75819","99.3","91.49"
"PEP","4","147.108503","-74.434012","20260526;122334","U***75819","128.5","147.108503"
"PG","3","145.121933333","11.7242","20260324;110641","U***75819","149.03","145.121933333"
"POOL","1","179.670003","-16.360003","20260602;102806","U***75819","163.31","179.670003"
"POOL","1","178.670003","-15.360003","20260602;102806","U***75819","163.31","178.670003"
"POOL","2","186.500003","-46.380006","20260508;100449","U***75819","163.31","186.500003"
"POOL","2","201.52","-76.42","20260324;095937","U***75819","163.31","201.52"
"QCOM","4","128.17","237.24","20260324;095801","U***75819","187.48","128.17"
"SAP","3","171.003333333","114.92","20260324;095721","U***75819","209.31","171.003333333"
"SOXQ","9","56.261111111","376.37","20260330;183826","U***75819","98.08","56.261111111"
"SOXQ","17","59.928823529","648.57","20260326;153150","U***75819","98.08","59.928823529"
"SPGI","1","397.178808","-1.258808","20260324;112805","U***75819","395.92","397.178808"
"SPRE","52","19.519230769","-21.8","20260324;100659","U***75819","19.1","19.519230769"
"SPUS","21","48.462619048","236.405","20260324;100058","U***75819","59.72","48.462619048"
"SWKS","10","53.46","341.3","20260327;112044","U***75819","87.59","53.46"
"SYK","1","291.260003","-15.950628","20260508;100205","U***75819","275.31","291.260003"
"SYK","0.4","290.4800025","-6.068251","20260508;100205","U***75819","275.31","290.4800025"
"SYK","1","314.4953","-39.185925","20260429;154503","U***75819","275.31","314.4953"
"SYK","0.8","313.4488","-30.51154","20260429;154503","U***75819","275.31","313.4488"
"V","2","302.1","131.28","20260324;100328","U***75819","367.74","302.1"
"WSM","3","182.378333333","145.955","20260429;152519","U***75819","231.03","182.378333333"
"WSO","0.3","325.876503333","-3.796951","20260811;133457","U***75819","313.22","325.876503333"
"WSO","1","322.302053","-9.082053","20260811;133457","U***75819","313.22","322.302053"
"WSO","1","353.78","-40.56","20260326;153423","U***75819","313.22","353.78"
"WSO","0.2","352.7857","-7.91314","20260326;153423","U***75819","313.22","352.7857"
"ZTS","5","76.638003","-26.040015","20260602;102640","U***75819","71.43","76.638003"
"ZTS","4","84.460003","-52.120012","20260508;100237","U***75819","71.43","84.460003"
"ZTS","4","88.420003","-67.960012","20260508;072646","U***75819","71.43","88.420003"
"ZTS","4","115.86","-177.72","20260324;103812","U***75819","71.43","115.86"
"ABT","5","106.190003","-26.050015","20260908;102824","U***9712","100.98","106.190003"
"ABT","10","121.91","-209.3","20251208;153849","U***9712","100.98","121.91"
"ACN","3","178.843336333","-13.120009","20260603;102132","U***9712","174.47","178.843336333"
"ACN","3","192.263333333","-53.38","20260225;144052","U***9712","174.47","192.263333333"
"ACN","2","208.1995","-67.459","20260223;131237","U***9712","174.47","208.1995"
"ACN","2","218.06","-87.18","20260212;110937","U***9712","174.47","218.06"
"ACN","1","234.04","-59.57","20260209;100132","U***9712","174.47","234.04"
"ACN","1","233.04","-58.57","20260209;100132","U***9712","174.47","233.04"
"ACN","2","240.77","-132.6","20260203;125454","U***9712","174.47","240.77"
"ACN","2","263.24","-177.54","20260129;115000","U***9712","174.47","263.24"
"ACN","3","262.68","-264.63","20260129;115000","U***9712","174.47","262.68"
"ADBE","2","273.645","-85.27","20260203;122448","U***9712","231.01","273.645"
"ADBE","2","289.69","-117.36","20260120;100630","U***9712","231.01","289.69"
"ADBE","1","309.19","-78.18","20260113;140623","U***9712","231.01","309.19"
"ADBE","1","316.295","-85.285","20260113;105212","U***9712","231.01","316.295"
"ADBE","1","331.130022","-100.120022","20251015;132738","U***9712","231.01","331.130022"
"ADBE","1","350.950022","-119.940022","20250924;104657","U***9712","231.01","350.950022"
"ADBE","1","340.590027","-109.580027","20250811;110034","U***9712","231.01","340.590027"
"ADBE","1","387.400046","-156.390046","20250328;151458","U***9712","231.01","387.400046"
"ADBE","1","384.630046","-153.620046","20250313;112654","U***9712","231.01","384.630046"
"ADBE","1","407.900046","-176.890046","20250110;113324","U***9712","231.01","407.900046"
"ADBE","1","431.700048","-200.690048","20241220;073133","U***9712","231.01","431.700048"
"ADBE","1","450.075072","-219.065072","20241218;093256","U***9712","231.01","450.075072"
"ADBE","1","480.339572","-249.329572","20241212;123340","U***9712","231.01","480.339572"
"ADBE","2","504.990048","-547.960096","20241211;171327","U***9712","231.01","504.990048"
"ADP","2","261.480003","0.639994","20260730;124901","U***9712","261.8","261.480003"
"ADP","4","292.275022","-121.900088","20250915;112838","U***9712","261.8","292.275022"
"ADSK","3","210.603336333","-10.240009","20260908;102853","U***9712","207.19","210.603336333"
"ADSK","1","255.11","-47.92","20260121;130636","U***9712","207.19","255.11"
"ADSK","1","254.11","-46.92","20260121;130636","U***9712","207.19","254.11"
"ADSK","4","275.18","-271.96","20260108;112823","U***9712","207.19","275.18"
"AOS","9","56.771114111","14.479973","20260910;151859","U***9712","58.38","56.771114111"
"AOS","9","60.161114111","-16.030027","20260501;153126","U***9712","58.38","60.161114111"
"AOS","19","66.551731579","-155.2629","20260316;154539","U***9712","58.38","66.551731579"
"APP","2","308.600003","-0.720006","20260812;144322","U***9712","308.24","308.600003"
"APP","4","331.200003","-91.840012","20260811;085854","U***9712","308.24","331.200003"
"APTX.OLD","1000","0.289443395","-289.443395","20220613;140217","U***9712","0","0.289443395"
"APTX.OLD","200","0.289443395","-57.888679","20220613;140217","U***9712","0","0.289443395"
"APTX.OLD","900","0.506700396","-456.030356","20220510;150759","U***9712","0","0.506700396"
"APTX.OLD","80","0.8163004","-65.304032","20220428;120624","U***9712","0","0.8163004"
"APTX.OLD","300","0.816300397","-244.890119","20220428;120624","U***9712","0","0.816300397"
"APTX.OLD","50","0.8163004","-40.81502","20220428;120624","U***9712","0","0.8163004"
"AXLA","12","42.125","-505.5","20220222;125427","U***9712","0","42.125"
"AXLA","6.4","74.15625","-474.6","20211112;154313","U***9712","0","74.15625"
"AXLA","4","73.75","-295","20211112;153641","U***9712","0","73.75"
"AXLA","0.6","82.21375","-49.32825","20210813;095847","U***9712","0","82.21375"
"BIRK","17","30.348826529","44.559949","20260910;152015","U***9712","32.97","30.348826529"
"BIRK","16","32.252503","11.479952","20260909;093625","U***9712","32.97","32.252503"
"BIRK","35","35.498574429","-88.500105","20260820;094733","U***9712","32.97","35.498574429"
"BMNR","15","27.584666667","-11.17","20251231;105753","U***9712","26.84","27.584666667"
"BMNR","12","29.283333333","-29.32","20251201;103150","U***9712","26.84","29.283333333"
"BMNR","12","26.513355333","3.919736","20251120;150428","U***9712","26.84","26.513355333"
"BMNR","14","28.271450571","-20.040308","20251120;111539","U***9712","26.84","28.271450571"
"BMNR","13","31.846945077","-65.090286","20251117;112103","U***9712","26.84","31.846945077"
"BMNR","10","34.770022","-79.30022","20251114;093521","U***9712","26.84","34.770022"
"BMNR","10","36.760022","-99.20022","20251107;094518","U***9712","26.84","36.760022"
"BMNR","10","38.170022","-113.30022","20251106;114251","U***9712","26.84","38.170022"
"BMNR","8","41.455022","-116.920176","20251104;112122","U***9712","26.84","41.455022"
"BMNR","10","44.180022","-173.40022","20251103;095348","U***9712","26.84","44.180022"
"BMNR","8","45.745022","-151.240176","20251030;134245","U***9712","26.84","45.745022"
"BMNR","21","47.497641048","-433.810462","20251030;102258","U***9712","26.84","47.497641048"
"BMNR","5","47.440022","-103.00011","20251030;102258","U***9712","26.84","47.440022"
"CLX","5","87.790003","-31.850015","20260911;154747","U***9712","81.42","87.790003"
"CLX","1","87.590003","-6.170003","20260911;154747","U***9712","81.42","87.590003"
"CLX","6","93.546669667","-72.760018","20260908;102921","U***9712","81.42","93.546669667"
"CLX","5","106.015","-122.975","20260319;132659","U***9712","81.42","106.015"
"CLX","11","111.685909091","-332.925","20260306;105244","U***9712","81.42","111.685909091"
"CPRT","17","31.228826529","-68.150051","20260910;152204","U***9712","27.22","31.228826529"
"CPRT","16","33.3125","-97.48","20260219;162733","U***9712","27.22","33.3125"
"CPRT","10","38.5","-112.8","20251208;093457","U***9712","27.22","38.5"
"CPRT","11","39.480931091","-134.870242","20251124;094542","U***9712","27.22","39.480931091"
"CPRT","9","39.900433111","-114.123898","20251106;134538","U***9712","27.22","39.900433111"
"CPRT","10","42.010022","-147.90022","20251105;155142","U***9712","27.22","42.010022"
"CPRT","8","42.850022","-125.040176","20251029;143821","U***9712","27.22","42.850022"
"CPRT","9","44.516133111","-155.665198","20251007;112826","U***9712","27.22","44.516133111"
"CPRT","26","46.526483538","-501.968572","20250918;103729","U***9712","27.22","46.526483538"
"CRM","5","244.87","-88","20260113;123500","U***9712","227.27","244.87"
"DECK","6","82.056669667","-22.180018","20260909;093658","U***9712","78.36","82.056669667"
"DECK","3","89.063336333","-32.110009","20260820;103044","U***9712","78.36","89.063336333"
"DECK","3","88.721003","-31.083009","20260820;103044","U***9712","78.36","88.721003"
"DECK","13","93.676926077","-199.120039","20260811;132959","U***9712","78.36","93.676926077"
"DHI","9","139.516114111","-0.865027","20260909;093409","U***9712","139.42","139.516114111"
"DKS","4","123.749503","41.641988","20260918;121211","U***9712","134.16","123.749503"
"DKS","4","137.390003","-12.920012","20260825;095254","U***9712","134.16","137.390003"
"DKS","3","185.483336333","-153.970009","20260820;094654","U***9712","134.16","185.483336333"
"DKS","6","195.901669667","-370.450018","20260817;102341","U***9712","134.16","195.901669667"
"EFX","4","150.850003","-20.280012","20260924;111303","U***9712","145.78","150.850003"
"EFX","3","161.793336333","-48.040009","20260918;121238","U***9712","145.78","161.793336333"
"EFX","3","173.262836333","-82.448509","20260908;102952","U***9712","145.78","173.262836333"
"EFX","3","189.753333333","-131.92","20260203;093243","U***9712","145.78","189.753333333"
"EFX","2","203.68","-115.8","20260129;114850","U***9712","145.78","203.68"
"EFX","2","203.780022","-116.000044","20251117;151847","U***9712","145.78","203.780022"
"EFX","2","208.440022","-125.320044","20251103;095410","U***9712","145.78","208.440022"
"EFX","5","223.090022","-386.55011","20251021;094344","U***9712","145.78","223.090022"
"FICO","1","882.180003","-41.290003","20260923;125402","U***9712","840.89","882.180003"
"FICO","1","964.640003","-123.750003","20260910;153504","U***9712","840.89","964.640003"
"FSLR","7","178.912860143","-41.600021","20260924;111218","U***9712","172.97","178.912860143"
"GSK","26","48.198464538","39.039922","20260910;154027","U***9712","49.7","48.198464538"
"HD","2","292.195003","-4.610006","20260924;111323","U***9712","289.89","292.195003"
"HD","4","311.430003","-86.160012","20260909;093313","U***9712","289.89","311.430003"
"HIMS","18","28.165558556","11.059946","20260908;103033","U***9712","28.78","28.165558556"
"HIMS","15","34.376669667","-83.950045","20260708;115406","U***9712","28.78","34.376669667"
"HIMS","12","37.053355333","-99.280264","20251113;105045","U***9712","28.78","37.053355333"
"HIMS","30","40.488355333","-351.25066","20251106;120636","U***9712","28.78","40.488355333"
"IBM","5","227.000003","-31.650015","20260924;111701","U***9712","220.67","227.000003"
"IDEXQ.OLD","5.6","96.86","-542.412","20220422;133454","U***9712","0.0008","96.86"
"IDEXQ.OLD","0.8","112.8375","-90.269429","20220223;155944","U***9712","0.0008","112.8375"
"IDEXQ.OLD","2.4","112.166666667","-269.198286","20220223;155944","U***9712","0.0008","112.166666667"
"IDEXQ.OLD","0.8","112.375","-89.899429","20220223;155944","U***9712","0.0008","112.375"
"IDEXQ.OLD","0.8","112.375","-89.899429","20220223;155944","U***9712","0.0008","112.375"
"IDEXQ.OLD","4.8","117.525","-564.116571","20220222;121015","U***9712","0.0008","117.525"
"IDEXQ.OLD","1.6","122.1125","-195.378857","20220218;125541","U***9712","0.0008","122.1125"
"IDEXQ.OLD","0.8","122.1125","-97.689429","20220218;125541","U***9712","0.0008","122.1125"
"IDEXQ.OLD","1.016","122.1125","-124.065574","20220218;125541","U***9712","0.0008","122.1125"
"IDEXQ.OLD","0.744","122.1125","-90.851169","20220218;125541","U***9712","0.0008","122.1125"
"IDEXQ.OLD","3.6","255.5","-919.797429","20210817;130508","U***9712","0.0008","255.5"
"IDEXQ.OLD","0.152","336.875","-51.204891","20210702;095829","U***9712","0.0008","336.875"
"IDEXQ.OLD","0.8","337.11875","-269.694429","20210702;095829","U***9712","0.0008","337.11875"
"IDEXQ.OLD","2.4","337.5","-809.998286","20210702;095829","U***9712","0.0008","337.5"
"IDEXQ.OLD","1.688","337.5","-569.698794","20210702;095829","U***9712","0.0008","337.5"
"INTU","1","423.155","-153.755","20260325;121105","U***9712","269.4","423.155"
"INTU","1","495.39","-225.99","20260129;115439","U***9712","269.4","495.39"
"INTU","1","539.45","-270.05","20260116;103709","U***9712","269.4","539.45"
"INTU","1","562.56","-293.16","20260114;130500","U***9712","269.4","562.56"
"INTU","1","587.97","-318.57","20260114;093513","U***9712","269.4","587.97"
"INTU","1","611.99","-342.59","20260113;140514","U***9712","269.4","611.99"
"INTU","2","656.720022","-774.640044","20251015;112126","U***9712","269.4","656.720022"
"ISRG","1","401.320003","13.469997","20260602;101451","U***9712","414.79","401.320003"
"ISRG","1","429.840003","-15.050003","20260511;105634","U***9712","414.79","429.840003"
"ISRG","3","451.253333333","-109.39","20260429;153840","U***9712","414.79","451.253333333"
"JKHY","3","147.568336333","0.754991","20260924;111352","U***9712","147.82","147.568336333"
"JKHY","3","158.003333333","-30.55","20260212;111145","U***9712","147.82","158.003333333"
"JKHY","7","166.077857143","-127.805","20260211;141604","U***9712","147.82","166.077857143"
"KMB","5","99.940003","-5.850015","20260909;093512","U***9712","98.77","99.940003"
"KMB","5","107.945003","-45.875015","20260714;103324","U***9712","98.77","107.945003"
"KMB","3","120.003355333","-63.700066","20251014;140704","U***9712","98.77","120.003355333"
"KMB","3","122.003355333","-69.700066","20250925;141524","U***9712","98.77","122.003355333"
"KMB","8","128.755027","-239.880216","20250828;132722","U***9712","98.77","128.755027"
"LEN","7","77.752860143","29.939979","20260910;152646","U***9712","82.03","77.752860143"
"LEN","6","83.806169667","-10.657018","20260708;115707","U***9712","82.03","83.806169667"
"LEN","6","89.605469667","-45.452818","20260610;153820","U***9712","82.03","89.605469667"
"LEN","5","94.15","-60.6","20260312;150225","U***9712","82.03","94.15"
"LEN","5","97.3776","-76.738","20260309;102937","U***9712","82.03","97.3776"
"LEN","5","106.0358","-120.029","20260303;103217","U***9712","82.03","106.0358"
"LEN","11","116.440909091","-378.52","20260219;162002","U***9712","82.03","116.440909091"
"LOW","3","191.023336333","-10.090009","20260921;104533","U***9712","187.66","191.023336333"
"LOW","3","202.458336333","-44.395009","20260908;103209","U***9712","187.66","202.458336333"
"LOW","3","216.279636333","-85.858909","20260521;120324","U***9712","187.66","216.279636333"
"LOW","4","232.47","-179.24","20260429;152818","U***9712","187.66","232.47"
"LOW","1","233.47","-45.81","20260429;152815","U***9712","187.66","233.47"
"LULU","5","100.190003","1.949985","20260924;111432","U***9712","100.58","100.190003"
"LULU","4","118.065003","-69.940012","20260611;112704","U***9712","100.58","118.065003"
"LULU","4","124.140003","-94.240012","20260512;100200","U***9712","100.58","124.140003"
"LULU","4","130.998003","-121.672012","20260504;133125","U***9712","100.58","130.998003"
"LULU","4","137.32","-146.96","20260429;153310","U***9712","100.58","137.32"
"LULU","3","145.570133333","-134.9704","20260327;142758","U***9712","100.58","145.570133333"
"LULU","3","158.483333333","-173.71","20260312;155637","U***9712","100.58","158.483333333"
"LULU","7","168.702857143","-476.86","20260306;102228","U***9712","100.58","168.702857143"
"MAA","4","120.985003","-10.580012","20260918;121310","U***9712","118.34","120.985003"
"MAA","4","129.100003","-43.040012","20260908;103244","U***9712","118.34","129.100003"
"MAA","3","136.213355333","-53.620066","20251006;130748","U***9712","118.34","136.213355333"
"MAA","2","138.860022","-41.040044","20250925;142139","U***9712","118.34","138.860022"
"MAA","2","140.300022","-43.920044","20250922;100630","U***9712","118.34","140.300022"
"MAA","3","142.073360333","-71.200081","20250807;124641","U***9712","118.34","142.073360333"
"MAA","7","151.462903143","-231.860322","20250603;095901","U***9712","118.34","151.462903143"
"MBGL","1","19.73268","-1.97268","20260513;095848","U***9712","17.76","19.73268"
"MBGL","1","21.91552","-4.15552","20260204;103827","U***9712","17.76","21.91552"
"MBGL","3","23.540953333","-17.34286","20260203;094624","U***9712","17.76","23.540953333"
"MSCI","2","548.700003","-11.960006","20260910;154501","U***9712","542.72","548.700003"
"MSTR","3","154.858336333","6.844991","20260527;141312","U***9712","157.14","154.858336333"
"MSTR","3","164.123336333","-20.950009","20260518;111401","U***9712","157.14","164.123336333"
"MSTR","2","178.570003","-42.860006","20260513;095426","U***9712","157.14","178.570003"
"MSTR","1","178.066603","-20.926603","20260513;095426","U***9712","157.14","178.066603"
"MSTR","2","188.370022","-62.460044","20251119;112045","U***9712","157.14","188.370022"
"MSTR","2","198.060022","-81.840044","20251114;093453","U***9712","157.14","198.060022"
"MSTR","2","210.950022","-107.620044","20251113;141534","U***9712","157.14","210.950022"
"MSTR","2","222.790022","-131.300044","20251112;141147","U***9712","157.14","222.790022"
"MSTR","2","224.800022","-135.320044","20251107;094613","U***9712","157.14","224.800022"
"MSTR","2","238.294822","-162.309644","20251106;114308","U***9712","157.14","238.294822"
"MSTR","2","250.805022","-187.330044","20251104;111858","U***9712","157.14","250.805022"
"MSTR","1","264.483522","-107.343522","20251030;134142","U***9712","157.14","264.483522"
"MSTR","1","277.850022","-120.710022","20251029;143843","U***9712","157.14","277.850022"
"MSTR","1","283.200022","-126.060022","20251022;161301","U***9712","157.14","283.200022"
"MSTR","2","286.280022","-258.280044","20251016;123450","U***9712","157.14","286.280022"
"MSTR","4","305.590022","-593.800088","20251015;104720","U***9712","157.14","305.590022"
"NKE","13","40.996426077","-59.883539","20260811;132430","U***9712","36.39","40.996426077"
"NKE","12","43.478336333","-85.060036","20260603;135600","U***9712","36.39","43.478336333"
"NKE","5","46.015","-48.125","20260401;093912","U***9712","36.39","46.015"
"NKE","6","45.815","-56.55","20260401;093912","U***9712","36.39","45.815"
"NKE","11","48.370909091","-131.79","20260331;175435","U***9712","36.39","48.370909091"
"NKE","10","53.0585","-166.685","20260319;140103","U***9712","36.39","53.0585"
"NKE","9","55.561111111","-172.54","20260309;102800","U***9712","36.39","55.561111111"
"NKE","9","58.926111111","-202.825","20260303;103322","U***9712","36.39","58.926111111"
"NKE","10","63.485","-270.95","20260220;123630","U***9712","36.39","63.485"
"NKE","10","63.4","-270.1","20260220;123630","U***9712","36.39","63.4"
"NOW","2","142.775","-22.65","20260109;130755","U***9712","131.45","142.775"
"NOW","1","142.275","-10.825","20260109;130755","U***9712","131.45","142.275"
"NOW","5","156.888","-127.19","20251215;095643","U***9712","131.45","156.888"
"NOW","5","161.1300044","-148.400022","20251126;111102","U***9712","131.45","161.1300044"
"NOW","10","173.3540044","-419.040044","20251111;102120","U***9712","131.45","173.3540044"
"NVO","13","39.696926077","-12.830039","20260921;104445","U***9712","38.71","39.696926077"
"NVO","12","45.202836333","-77.914036","20260909;094401","U***9712","38.71","45.202836333"
"NVO","11","47.515909091","-96.865","20260204;101145","U***9712","38.71","47.515909091"
"NVO","24","50.961666667","-294.04","20260203;122215","U***9712","38.71","50.961666667"
"ONON","17","30.758826529","-12.900051","20260820;094839","U***9712","30","30.758826529"
"ONON","16","32.602503","-41.640048","20260811;085802","U***9712","30","32.602503"
"ONON","34","36.984414765","-237.470102","20260605;121944","U***9712","30","36.984414765"
"PAYX","5","106.240003","-34.700015","20260923;125250","U***9712","99.3","106.240003"
"PAYX","3","117.383355333","-54.250066","20251030;134000","U***9712","99.3","117.383355333"
"PAYX","3","121.193355333","-65.680066","20251029;093211","U***9712","99.3","121.193355333"
"PAYX","3","127.253355333","-83.860066","20250925;142115","U***9712","99.3","127.253355333"
"PAYX","3","129.633355333","-91.000066","20250922;100613","U***9712","99.3","129.633355333"
"PAYX","3","132.723355333","-100.270066","20250915;154551","U***9712","99.3","132.723355333"
"PAYX","8","139.420046","-320.960368","20250625;134401","U***9712","99.3","139.420046"
"PEP","4","130.410003","-7.640012","20260918;121342","U***9712","128.5","130.410003"
"PEP","4","138.069103","-38.276412","20260629;153151","U***9712","128.5","138.069103"
"PEP","8","146.973303","-147.786424","20260526;122454","U***9712","128.5","146.973303"
"PG","9","144.116114111","44.224973","20260814;110211","U***9712","149.03","144.116114111"
"PODD","4","143.199503","-40.358012","20260811;132822","U***9712","133.11","143.199503"
"PODD","2","162.95","-59.68","20260429;150047","U***9712","133.11","162.95"
"PODD","1","162.45","-29.34","20260429;150047","U***9712","133.11","162.45"
"PODD","3","188.140133333","-165.0904","20260427;150710","U***9712","133.11","188.140133333"
"PODD","3","198.418333333","-195.925","20260409;154602","U***9712","133.11","198.418333333"
"PODD","2","218.365","-170.51","20260313;121035","U***9712","133.11","218.365"
"PODD","2","242.361","-218.502","20260209;095455","U***9712","133.11","242.361"
"PODD","1","252.21","-119.1","20260203;134625","U***9712","133.11","252.21"
"PODD","4","269.912","-547.208","20260123;130944","U***9712","133.11","269.912"
"POOL","3","190.413336333","-81.310009","20260817;102524","U***9712","163.31","190.413336333"
"POOL","2","205.951","-85.282","20260309;104442","U***9712","163.31","205.951"
"POOL","3","223.443333333","-180.4","20260219;095715","U***9712","163.31","223.443333333"
"POOL","2","235.63","-144.64","20251218;152351","U***9712","163.31","235.63"
"POOL","2","243.190022","-159.760044","20251106;133456","U***9712","163.31","243.190022"
"POOL","2","263.510022","-200.400044","20251103;102802","U***9712","163.31","263.510022"
"POOL","2","269.680022","-212.740044","20251031;152016","U***9712","163.31","269.680022"
"POOL","2","283.500022","-240.380044","20251030;104202","U***9712","163.31","283.500022"
"POOL","4","304.485022","-564.700088","20250925;153919","U***9712","163.31","304.485022"
"RL","2","340.050003","34.219994","20260909;150230","U***9712","357.16","340.050003"
"RL","2","339.550003","35.219994","20260909;150230","U***9712","357.16","339.550003"
"SAP","2","210.630003","-2.640006","20260908;103349","U***9712","209.31","210.630003"
"SAP","2","235.78","-52.94","20260102;110754","U***9712","209.31","235.78"
"SAP","2","238.820022","-59.020044","20251124;095844","U***9712","209.31","238.820022"
"SAP","2","245.030022","-71.440044","20251114;093657","U***9712","209.31","245.030022"
"SAP","2","258.075027","-97.530054","20250911;140502","U***9712","209.31","258.075027"
"SAP","4","271.200027","-247.560108","20250829;113652","U***9712","209.31","271.200027"
"SNY","6","41.244469667","-0.386818","20260924;111504","U***9712","41.18","41.244469667"
"SNY","7","41.078003","0.713979","20260924;111504","U***9712","41.18","41.078003"
"SNY","12","43.462836333","-27.394036","20260908;102748","U***9712","41.18","43.462836333"
"SNY","26","47.703461538","-169.61","20260112;123508","U***9712","41.18","47.703461538"
"SPGI","1","409.915003","-13.995003","20260812;144235","U***9712","395.92","409.915003"
"SPGI","1","430.88448","-34.96448","20260204;103827","U***9712","395.92","430.88448"
"SPGI","1","462.84238","-66.92238","20260203;094624","U***9712","395.92","462.84238"
"SYK","2","271.230003","8.159994","20260910;153812","U***9712","275.31","271.230003"
"SYK","2","287.700003","-24.780006","20260908;102656","U***9712","275.31","287.700003"
"SYK","1","327.46","-52.15","20260423;131609","U***9712","275.31","327.46"
"SYK","2","339.26","-127.9","20260320;104633","U***9712","275.31","339.26"
"SYK","3","358.313333333","-249.01","20260306;101355","U***9712","275.31","358.313333333"
"TTD","22","22.500454545","-223.53","20260423;125119","U***9712","12.34","22.500454545"
"TTD","21","23.707619048","-238.72","20260318;112232","U***9712","12.34","23.707619048"
"TTD","10","25.285","-129.45","20260317;155039","U***9712","12.34","25.285"
"TTD","10","25.185","-128.45","20260317;155039","U***9712","12.34","25.185"
"TTD","19","26.912631579","-276.88","20260311;115312","U***9712","12.34","26.912631579"
"TTD","17","28.958823529","-282.52","20260203;074204","U***9712","12.34","28.958823529"
"TTD","13","32.586923077","-263.21","20260127;095901","U***9712","12.34","32.586923077"
"TTD","6","34.806666667","-134.8","20260126;114856","U***9712","12.34","34.806666667"
"TTD","6","34.64","-133.8","20260126;114856","U***9712","12.34","34.64"
"TTD","14","36.061428571","-332.1","20260116;130656","U***9712","12.34","36.061428571"
"TTD","11","37.245909091","-273.965","20251211;114244","U***9712","12.34","37.245909091"
"TTD","10","38.960022","-266.20022","20251120;150456","U***9712","12.34","38.960022"
"TTD","9","41.071133111","-258.580198","20251117;112333","U***9712","12.34","41.071133111"
"TTD","1","40.960022","-28.620022","20251117;112333","U***9712","12.34","40.960022"
"TTD","9","42.351133111","-270.100198","20251114;093951","U***9712","12.34","42.351133111"
"TTD","10","43.410022","-310.70022","20251107;101456","U***9712","12.34","43.410022"
"TTD","9","46.491133111","-307.360198","20251106;114708","U***9712","12.34","46.491133111"
"TTD","25","49.990022","-941.25055","20251029;164355","U***9712","12.34","49.990022"
"UAVS","1.05","964.8","-1012.0215","20220421;114712","U***9712","0.968","964.8"
"UAVS","0.27","2771","-747.9081","20211110;140238","U***9712","0.968","2771"
"UAVS","0.141","4567.092198582","-643.82323","20210708;155018","U***9712","0.968","4567.092198582"
"UAVS","0.059","4560","-268.98277","20210708;155018","U***9712","0.968","4560"
"UAVS","0.05","4565","-228.2015","20210708;155018","U***9712","0.968","4565"
"UAVS","0.1","5530","-552.903","20210503;131913","U***9712","0.968","5530"
"UAVS","0.1","5520","-551.903","20210503;131913","U***9712","0.968","5520"
"UAVS","0.23","6671","-1534.1069","20210427;145159","U***9712","0.968","6671"
"UBER","4","70.568003","-9.632012","20260918;121417","U***9712","68.16","70.568003"
"UBER","3","70.317703","-6.473109","20260918;121417","U***9712","68.16","70.317703"
"UBER","3","75.578336333","-22.255009","20260812;144156","U***9712","68.16","75.578336333"
"UBER","4","75.245003","-28.340012","20260812;144156","U***9712","68.16","75.245003"
"UBER","15","80.496666667","-185.05","20260129;100340","U***9712","68.16","80.496666667"
"WM","6","214.846169667","-50.437018","20260910;154143","U***9712","206.44","214.846169667"
"WSO","2","311.900003","2.639994","20260729;114432","U***9712","313.22","311.900003"
"WSO","3","357.638336333","-133.255009","20260722;112241","U***9712","313.22","357.638336333"
"ZTS","7","78.712860143","-50.980021","20260616;105344","U***9712","71.43","78.712860143"
"ZTS","3","84.123336333","-38.080009","20260508;100042","U***9712","71.43","84.123336333"
"ZTS","3","83.788303","-37.074909","20260508;100042","U***9712","71.43","83.788303"
"ZTS","6","88.731669667","-103.810018","20260507;095924","U***9712","71.43","88.731669667"
"ZTS","6","97.056669667","-153.760018","20260507;080643","U***9712","71.43","97.056669667"
"ZTS","4","115.108","-174.712","20260320;150403","U***9712","71.43","115.108"
"ZTS","3","121.173355333","-149.230066","20251105;105218","U***9712","71.43","121.173355333"
"ZTS","4","125.950022","-218.080088","20251104;091510","U***9712","71.43","125.950022"
"ZTS","2","140.590022","-138.320044","20250925;141403","U***9712","71.43","140.590022"
"ZTS","2","141.670022","-140.480044","20250924;143103","U***9712","71.43","141.670022"
"ZTS","3","147.553355333","-228.370066","20250912;124713","U***9712","71.43","147.553355333"
"ZTS","3","148.353360333","-230.770081","20250718;125232","U***9712","71.43","148.353360333"
"ZTS","7","159.382884143","-615.670189","20250701;155243","U***9712","71.43","159.382884143"
